32,0.17000000000000001,0,-0,0,-0,0,320,0,320
33,0.18099999999999999,-0.043625000000000004,-0.671875,0.237625,0.078125,166.5,33.5,175.5,57.5
34,0.26400000000000001,-0.025250000000000002,-0.671875,0.28725000000000001,-0.265625,285.5,84.5,295.5,97.5
35,0.64500000000000002,-0.054500000000000014,-0.671875,0.69550000000000001,0.078125,176.5,33.5,200.5,57.5
36,0.39900000000000002,-0.034749999999999989,-0.765625,0.434,0.171875,9.5,0.5,24.5,30.5
37,0.45800000000000002,-0.05974999999999997,-0.703125,0.50275000000000003,0.078125,221.5,0.5,239.5,25.5
38,0.37,-0.065999999999999989,-0.703125,0.434,0.109375,151.5,0.5,167.5,26.5
39,0.13700000000000001,-0.025750000000000002,-0.671875,0.16175,-0.265625,0.5,108.5,6.5,121.5
40,0.23100000000000001,-0.035375000000000004,-0.671875,0.30837500000000001,0.171875,114.5,0.5,125.5,27.5
41,0.23100000000000001,-0.074374999999999997,-0.671875,0.26937500000000003,0.171875,126.5,0.5,137.5,27.5
42,0.32300000000000001,-0.05425,-0.671875,0.38325000000000004,-0.234375,270.5,84.5,284.5,98.5
43,0.70000000000000007,0.038500068664550788,-0.578125,0.6635000686645508,0.078125,46.5,84.5,66.5,105.5
44,0.18099999999999999,-0.040531249999999998,-0.171875,0.20946875000000001,0.171875,7.5,108.5,15.5,119.5
45,0.26100000000000001,-0.030374999999999985,-0.328125,0.31337500000000001,-0.109375,84.5,108.5,95.5,115.5
46,0.18099999999999999,-0.032500000000000001,-0.171875,0.2175,0.109375,31.5,108.5,39.5,117.5
47,0.20400000000000001,-0.1605,-0.703125,0.33950000000000002,0.171875,25.5,0.5,41.5,28.5
48,0.34100000000000003,-0.045749999999999985,-0.671875,0.39174999999999999,0.078125,215.5,33.5,229.5,57.5
49,0.218,-0.070250000000000007,-0.671875,0.24224999999999999,0.078125,230.5,33.5,240.5,57.5
50,0.33200000000000002,-0.05924999999999999,-0.671875,0.37825000000000003,0.078125,241.5,33.5,255.5,57.5
51,0.312,-0.061749999999999985,-0.671875,0.37575000000000003,0.078125,302.5,33.5,316.5,57.5
52,0.33500000000000002,-0.051250000000000004,-0.671875,0.38624999999999998,0.078125,14.5,59.5,28.5,83.5
53,0.32200000000000001,-0.039624999999999987,-0.671875,0.36662500000000003,0.078125,43.5,59.5,56.5,83.5
54,0.34100000000000003,-0.040250000000000008,-0.671875,0.39724999999999999,0.078125,73.5,59.5,87.5,83.5
55,0.26600000000000001,-0.064624999999999988,-0.671875,0.34162500000000001,0.078125,207.5,59.5,220.5,83.5
56,0.312,-0.062999999999999987,-0.671875,0.3745,0.078125,260.5,59.5,274.5,83.5
57,0.34100000000000003,-0.048750000000000002,-0.671875,0.38874999999999998,0.078125,275.5,59.5,289.5,83.5
58,0.18099999999999999,-0.032500000000000001,-0.359375,0.2175,0.109375,261.5,84.5,269.5,99.5
59,0.18099999999999999,-0.037031250000000002,-0.359375,0.21296875000000001,0.171875,252.5,84.5,260.5,101.5
60,0.34000000000000002,-0.03262478373179143,-0.546875,0.3736252162682086,0.046875,238.5,84.5,251.5,103.5
61,0.70000000000000007,0.039,-0.453125,0.66400000000000003,-0.046875,296.5,84.5,316.5,97.5
62,0.34100000000000003,-0.021625000000000002,-0.546875,0.38462499999999999,0.046875,142.5,84.5,155.5,103.5
63,0.25800000000000001,-0.075624999999999998,-0.703125,0.330625,0.078125,240.5,0.5,253.5,25.5
64,0.83999999999999997,-0.032124996388908734,-0.671875,0.87412500361109136,0.203125,42.5,0.5,71.5,28.5
65,0.32400000000000001,-0.065875000000000003,-0.671875,0.40287499999999998,0.078125,290.5,59.5,305.5,83.5
66,0.35599999999999998,-0.037249999999999985,-0.671875,0.40024999999999999,0.109375,254.5,0.5,268.5,25.5
67,0.34900000000000003,-0.055374999999999987,-0.703125,0.41337499999999999,0.078125,269.5,0.5,284.5,25.5
68,0.36199999999999999,-0.036749999999999998,-0.703125,0.40075,0.078125,285.5,0.5,299.5,25.5
69,0.309,-0.043999999853517865,-0.671875,0.39350000014648212,0.078125,235.5,59.5,249.5,83.5
70,0.28100000000000003,-0.056125000000000001,-0.671875,0.35012500000000002,0.078125,221.5,59.5,234.5,83.5
71,0.35000000000000003,-0.053874999999999999,-0.703125,0.41487499999999999,0.078125,300.5,0.5,315.5,25.5
72,0.36799999999999999,-0.048374999999999994,-0.671875,0.420375,0.109375,15.5,33.5,30.5,58.5
73,0.185,-0.044958332061767581,-0.671875,0.23629166793823242,0.078125,188.5,59.5,197.5,83.5
74,0.19400000000000001,-0.075249999999999997,-0.671875,0.23725000000000002,0.078125,177.5,59.5,187.5,83.5
75,0.34500000000000003,-0.05849999999999999,-0.671875,0.4415,0.109375,31.5,33.5,47.5,58.5
76,0.28400000000000003,-0.052124999999999984,-0.703125,0.35412500000000002,0.078125,48.5,33.5,61.5,58.5
77,0.47100000000000003,-0.054749999999999986,-0.671875,0.50775000000000003,0.109375,62.5,33.5,80.5,58.5
78,0.38500000000000001,-0.037374999999999985,-0.671875,0.43137500000000001,0.078125,119.5,59.5,134.5,83.5
79,0.35299999999999998,-0.040250000000000001,-0.671875,0.39724999999999999,0.078125,104.5,59.5,118.5,83.5
80,0.34000000000000002,-0.054875,-0.671875,0.41387499999999999,0.078125,88.5,59.5,103.5,83.5
81,0.35299999999999998,-0.05137499999999999,-0.671875,0.417375,0.140625,168.5,0.5,183.5,26.5
82,0.35000000000000003,-0.052874999999999998,-0.671875,0.41587499999999999,0.078125,57.5,59.5,72.5,83.5
83,0.33000000000000002,-0.063374999999999987,-0.671875,0.40537499999999999,0.109375,81.5,33.5,96.5,58.5
84,0.29199999999999998,-0.075420454556165875,-0.703125,0.39332954544383414,0.078125,97.5,33.5,112.5,58.5
85,0.36299999999999999,-0.04725,-0.671875,0.39024999999999999,0.109375,113.5,33.5,127.5,58.5
86,0.32200000000000001,-0.074374999999999997,-0.703125,0.39437500000000003,0.078125,128.5,33.5,143.5,58.5
87,0.46200000000000002,-0.067500000000000018,-0.703125,0.5575,0.109375,184.5,0.5,204.5,26.5
88,0.314,-0.079374999999999987,-0.671875,0.38937500000000003,0.078125,286.5,33.5,301.5,57.5
89,0.28800000000000003,-0.069089285696254471,-0.671875,0.39966071430374556,0.078125,270.5,33.5,285.5,57.5
90,0.318,-0.073833333333333334,-0.703125,0.39491666666666669,0.109375,205.5,0.5,220.5,26.5
91,0.41999999999999998,0.09375,-0.703125,0.40625,0.078125,144.5,33.5,154.5,58.5
92,0.20400000000000001,-0.13800000000000001,-0.703125,0.36199999999999999,0.171875,72.5,0.5,88.5,28.5
93,0.26300000000000001,-0.030249999999999999,-0.703125,0.28225,0.078125,155.5,33.5,165.5,58.5
94,0.35899999999999999,-0.009250000000000003,-0.609375,0.42825000000000002,-0.296875,16.5,108.5,30.5,118.5
95,0.41999999999999998,-0.070750091552734373,0.046875,0.49174990844726563,0.265625,65.5,108.5,83.5,115.5
96,0.20100000000000001,-0.066875000000000004,-0.703125,0.27687499999999998,-0.421875,40.5,108.5,51.5,117.5
97,0.29899999999999999,-0.053124999999999999,-0.515625,0.35312500000000002,0.078125,210.5,84.5,223.5,103.5
98,0.30399999999999999,-0.045624999999999992,-0.671875,0.36062500000000003,0.078125,0.5,59.5,13.5,83.5
99,0.29799999999999999,-0.049125000000000002,-0.515625,0.35712500000000003,0.078125,184.5,84.5,197.5,103.5
100,0.30399999999999999,-0.057624999999999989,-0.671875,0.34862500000000002,0.078125,29.5,59.5,42.5,83.5
101,0.30399999999999999,-0.049124999999999988,-0.515625,0.35712500000000003,0.078125,170.5,84.5,183.5,103.5
102,0.19600000000000001,-0.086874999999999994,-0.671875,0.25687500000000002,0.078125,135.5,59.5,146.5,83.5
103,0.28999999999999998,-0.080375000000000002,-0.515625,0.38837500000000003,0.234375,147.5,59.5,162.5,83.5
104,0.31,-0.050124999999999989,-0.671875,0.35612500000000002,0.078125,163.5,59.5,176.5,83.5
105,0.16200000000000001,-0.046999999999999993,-0.671875,0.20300000000000001,0.078125,198.5,59.5,206.5,83.5
106,0.16600000000000001,-0.11537500000000001,-0.671875,0.22837499999999999,0.203125,89.5,0.5,100.5,28.5
107,0.29099999999999998,-0.057750000000000003,-0.671875,0.37975000000000003,0.109375,0.5,33.5,14.5,58.5
108,0.16200000000000001,-0.063625000000000001,-0.671875,0.21762500000000001,0.078125,250.5,59.5,259.5,83.5
109,0.46000000000000002,-0.051125000000000004,-0.515625,0.51137500000000002,0.078125,123.5,84.5,141.5,103.5
110,0.31,-0.045124999999999985,-0.515625,0.36112500000000003,0.078125,109.5,84.5,122.5,103.5
111,0.29799999999999999,-0.053104166666666647,-0.515625,0.35314583333333338,0.109375,67.5,84.5,80.5,104.5
112,0.30399999999999999,-0.053124999999999985,-0.515625,0.35312500000000002,0.234375,201.5,33.5,214.5,57.5
113,0.30399999999999999,-0.057750000000000003,-0.515625,0.34850000000000003,0.234375,256.5,33.5,269.5,57.5
114,0.221,-0.04287499999999999,-0.515625,0.300875,0.078125,198.5,84.5,209.5,103.5
115,0.28200000000000003,-0.065624999999999989,-0.515625,0.34062500000000001,0.078125,156.5,84.5,169.5,103.5
116,0.223,-0.065874997234159821,-0.640625,0.27787500276584021,0.078125,0.5,84.5,11.5,107.5
117,0.31,-0.049024999999999978,-0.515625,0.35722500000000001,0.078125,224.5,84.5,237.5,103.5
118,0.252,-0.061187501909202031,-0.546875,0.34506249809079798,0.078125,306.5,59.5,319.5,79.5
119,0.38600000000000001,-0.068749999999999992,-0.546875,0.49375000000000002,0.109375,27.5,84.5,45.5,105.5
120,0.254,-0.091249999999999984,-0.515625,0.34625,0.078125,94.5,84.5,108.5,103.5
121,0.26700000000000002,-0.091249999999999998,-0.515625,0.34625,0.203125,12.5,84.5,26.5,107.5
122,0.26100000000000001,-0.052000000000000005,-0.515625,0.32300000000000001,0.109375,81.5,84.5,93.5,104.5
123,0.23100000000000001,-0.086999999999999994,-0.671875,0.28800000000000003,0.171875,138.5,0.5,150.5,27.5
124,0.41999999999999998,0.084071428571428589,-0.734375,0.33407142857142857,0.265625,0.5,0.5,8.5,32.5
125,0.23100000000000001,-0.079999999999999988,-0.671875,0.29499999999999998,0.171875,101.5,0.5,113.5,27.5
126,0.28200000000000003,-0.045499999999999999,-0.484375,0.32950000000000002,-0.234375,52.5,108.5,64.5,116.5
